ID,Target
ID_9ZLHTVF6NSU7, 
ID_LNN7BFCVEZKA, 
ID_SOYSG7W04UH3, 
ID_EAP7EXXV8ZDE, 
ID_QPRX1TUQVGHU, 
ID_C78YQ32G1KO9, 
ID_M5X39UIEM64N, 
ID_B2WO8GOJOMY1, 
ID_ZMB4I2ZXYE4X, 
ID_K82JJ5PQCMXM, 
ID_OFRXD08BLP3X, 
ID_IQ4IS9AL13PV, 
ID_5LACW9CE2OIB, 
ID_O6RIQWT1103E, 
ID_X7ZL15DE59SA, 
ID_2HPT0HO3P0Z4, 
ID_69V1K0KCHH3K, 
ID_4TCAUXDQVWDC, 
ID_BLHV8DVS8GC2, 
ID_EBBTPEIN7I3D, 
ID_YYRT70H41G2P, 
ID_ZU9QNLV29B0A, 
ID_3QOC3NOXCFH0, 
ID_4R7AXTGUE0LZ, 
ID_QPIU2EE8ECJV, 
ID_5NL7YS467E51, 
ID_ZRV24EG5XCRS, 
ID_96KUYI7F37M3, 
ID_XGIY5UACMRGZ, 
ID_NP353BLDH5VB, 
ID_P68IT5PQBWN4, 
ID_HKXX3VF75B9A, 
ID_H1GKDJVOC63V, 
ID_VXC7EWN85U9P, 
ID_DE2KQ683CO3B, 
ID_YL3LEIC5FEHE, 
ID_RHU8S0CBCAYB, 
ID_7H8Z9T4K19RP, 
ID_8MRMK2JOLE9Z, 
ID_3E0VD9LA0AML, 
ID_V0K0PRQ0YYFG, 
ID_SXUS5SG4PCKK, 
ID_DJ2L1QNZMS8T, 
ID_LGYKT204VNP1, 
ID_AXLV8Y8C2UU3, 
ID_PZIN0M7SYCYF, 
ID_RER4JZ8DB39X, 
ID_Y470KJSRB3J7, 
ID_X4KZ1ZYUY3IB, 
ID_QNZJZ40L608W, 
ID_QVQFOAF6UGOW, 
ID_SRCP9RV99IL1, 
ID_WZJ0NPCOIEUE, 
ID_WF0D7LW8T43V, 
ID_9RMSW504CUDX, 
ID_WCRY9ABPEEDF, 
ID_5255UE4XP0AN, 
ID_1N5L9OG7OMK3, 
ID_GJNUFJ3T2RZY, 
ID_PHHF8580JP53, 
ID_2SW2ALOD0PL3, 
ID_ZETF5126R068, 
ID_K723KVKYCA4J, 
ID_RTQFIOSCN1AQ, 
ID_9P7MCEMGEHGZ, 
ID_NDLIHPT9Q63A, 
ID_IQI38CL7WZFE, 
ID_D366GXR24WOQ, 
ID_E6MJUQO1LYI1, 
ID_OHM4IIX56JNR, 
ID_1S1XKME9RR8P, 
ID_PDWJKMRZ7FXA, 
ID_TG5AYD5MVNIG, 
ID_3ZHGWM3LWMH4, 
ID_2KFTW3AL9D64, 
ID_2FFRTAV4MFLA, 
ID_0K7DKM1JTEUX, 
ID_J6ZJOL3IWI7V, 
ID_VKSEQL8237EH, 
ID_5F4P9KSAUY9Y, 
ID_1ZAV8CNO2GVD, 
ID_L01SCAN26U59, 
ID_RCNIMON6C8OP, 
ID_MEFBJHK7E4C8, 
ID_9GR6T2N801OG, 
ID_ZGYBHGTF7BHL, 
ID_95RBOCGVYJFD, 
ID_WJMM7SAZKW4W, 
ID_TF98UI5OQUOP, 
ID_J8AYIZEM17TR, 
ID_YZY5LTJ684KR, 
ID_X2SGIHSDEPJF, 
ID_H9WCHSXQ55T7, 
ID_WJCB6E7AEJHL, 
ID_01NLOAIAX2Q8, 
ID_FPKUAWAAA7UT, 
ID_FR0SYJWJLVL1, 
ID_APHHVG4L7YHS, 
ID_TYT0Z8RAUNOA, 
ID_9X0JAG95BZ4V, 
ID_E4K9ROZ307KS, 
ID_SR77D1233I0B, 
ID_OJV0P2FHTJN9, 
ID_E6FNDY8KCGL0, 
ID_SMFOORFFQKVK, 
ID_GT0IYXIHWBR8, 
ID_7IG917Z6K1Y0, 
ID_F9PTFR9496N6, 
ID_UESAU7ZW3RNI, 
ID_04IV9TJ35QCD, 
ID_A0V1HLL3OLGV, 
ID_9QJLEBU3CHG2, 
ID_KF2VZXRQHRI8, 
ID_9Y92J10548P8, 
ID_LDEIMOIJE1CC, 
ID_6B8L0H29501V, 
ID_G01VUH0TZAIG, 
ID_LTKSBG1ILQXT, 
ID_N17240VOSNA1, 
ID_JTWJRL1XWZTX, 
ID_0JIXPZFPB61O, 
ID_U0A4YIWCTA8A, 
ID_KTC5YIIHWPT6, 
ID_XO89BFRK0QD8, 
ID_7ZOMQ1BDBF32, 
ID_P4K715B5ZM4T, 
ID_IQZD0U29UO3M, 
ID_5QX0O59I6Q2W, 
ID_29SF4960X8U5, 
ID_77LU18BZ5T8B, 
ID_U90JJ0F5IE2R, 
ID_YXYYPBADIGL2, 
ID_TLQ3255SZYTT, 
ID_MABU7DMEMAPL, 
ID_5K8Q4CCF3J2V, 
ID_BXJAVKONWDFS, 
ID_7IRLNPIFYDB7, 
ID_G56VQIYP21UU, 
ID_31QG335FAILR, 
ID_VYYDN7BWT77F, 
ID_NMHL16LOVRTP, 
ID_HHN4QESGQXCB, 
ID_HJ8C170RKR63, 
ID_3ML6K6GE6P2G, 
ID_HMJ3ZJSTGQU4, 
ID_NEPMK169CE6Z, 
ID_KDKOQGNV6JS5, 
ID_3E4JJ6HQZVOV, 
ID_5HFMP7OVPTDY, 
ID_W40U1164CFWM, 
ID_DQQS38AU1C7U, 
ID_0Q8GP4V4F4ZN, 
ID_AT48PIA6O87H, 
ID_9IDPXWOQC9DX, 
ID_06BR3BAZ3UCS, 
ID_5179Q7SK2HAE, 
ID_RZWH6OM9NGFC, 
ID_DJHQX5Z89TW9, 
ID_CI63QITFAF3G, 
ID_KD34GW08YSD9, 
ID_UW9L8N6QNJLQ, 
ID_TO2W3W6RIN9M, 
ID_T5FYJ7YRENZJ, 
ID_ZVNUI9TKK5RO, 
ID_P72MIGLI5TTW, 
ID_ZIS78TQBS4IN, 
ID_4G3JGP9G5RI8, 
ID_447A508TSH2N, 
ID_7NE2AMSD9X6N, 
ID_D9SYMA30VCJD, 
ID_TXMXSN5XOGPI, 
ID_7U1T696W5VA3, 
ID_XXMXSTLWZALY, 
ID_3E19T99EOHDD, 
ID_4HGF6JDM53R9, 
ID_EXWAYC6PR7N9, 
ID_BIWRAS3GRFR4, 
ID_FAP7TWG0YMB3, 
ID_59HVM5DLXFZU, 
ID_USLGLHRJP2SL, 
ID_BKAF2DPNVWAM, 
ID_GI5OCXPM0JMK, 
ID_89VKQAECGN2N, 
ID_QWQKGVHYPFYP, 
ID_ZCB0WS6ZBJMD, 
ID_NKFW8BGJHX1H, 
ID_R87GE009ALC3, 
ID_GPYC10LT01IJ, 
ID_EYCNCNGEWT93, 
ID_QC4X3EJ04FMC, 
ID_NLFDOMHVOM3O, 
ID_VELX6KMKOYC6, 
ID_HAGW3T3SHLOQ, 
ID_9WRTE0IODY11, 
ID_0WKEJ64LME8F, 
ID_3UD7DDNAG5LT, 
ID_Q8EKYCEMX06U, 
ID_KZ2QZRMVBRNG, 
ID_MUBWCCBWRA7N, 
ID_B3C10IAMI368, 
ID_P58ZXISCQ363, 
ID_HAI16SHOY07O, 
ID_TMAX2JFAQW8S, 
ID_YRLQSEBRBDI1, 
ID_ZYBJQKUP2Y70, 
ID_CRT06Q8FNZM4, 
ID_AM8GK5BYCG37, 
ID_M0UCUBP4KML3, 
ID_CBWLY5YKJDPK, 
ID_CO2KXJ3FXDV6, 
ID_2Z4Y939OF5IG, 
ID_4P8N5T4PK856, 
ID_M8E5V0GYDOTW, 
ID_PIQ78I7Y7ZQ1, 
ID_SPO9GU28SB19, 
ID_QPN8VB90JCRN, 
ID_J9SE2GESCWSB, 
ID_6YVPRDP1DI46, 
ID_H782SK7NI6SI, 
ID_Q0RC94HNN4OG, 
ID_HL50WWIPMRGM, 
ID_VBFK0U41MOBP, 
ID_S1A4HVZ6VPU5, 
ID_GHX04TMXW1WB, 
ID_4SGL74WKCBV0, 
ID_BQVLZ059FIGB, 
ID_RWSKFSAACIY1, 
ID_IXZMNFU78YP7, 
ID_BSJEPP7FVWJA, 
ID_QZIKA142UYJE, 
ID_NFEKCO0E2YY3, 
ID_0K5XTBV5G2Y6, 
ID_5YMAK8GS19KY, 
ID_GX4Z5PNX6K39, 
ID_BGPCJP6TDL01, 
ID_5DJLPY4K50GK, 
ID_HX1B55S830YG, 
ID_X8USFQQD1IE2, 
ID_K0TPJBIE2FYN, 
ID_T1GFZW5VJCI3, 
ID_A628EY0KVLB6, 
ID_793HDKZT308E, 
ID_GI5I2329O46H, 
ID_LSXTPM7JW9V8, 
ID_7GMW9RK7TGIR, 
ID_DQ2PMTFS1GSQ, 
ID_WFZXHH56N634, 
ID_03A6D3A1NRRW, 
ID_QRO4BP4LU2HG, 
ID_K7KX1A9P19NZ, 
ID_FIFOMB2J9SV0, 
ID_X8FU72WFFNLT, 
ID_P6VY0QEI04BI, 
ID_S84JRJDESM9L, 
ID_NLD2EDF2C07L, 
ID_QGHZ9Z7NM0Z8, 
ID_3QLPECDE78QJ, 
ID_I0S4JA9TR538, 
ID_L0TPYHIS4FXB, 
ID_OS6NTGKYG3PP, 
ID_02FKWSCXV0JH, 
ID_X6NB6XK0R8CJ, 
ID_JT2PPEHZ4Y6Y, 
ID_8YBYVQ6AFKLJ, 
ID_6K1GEKAD3PSA, 
ID_WZI4PPCXT0T5, 
ID_IU0HG77YUIOZ, 
ID_S0G315BWQS7Z, 
ID_XRAKBMWH7V2J, 
ID_NISSO96XY767, 
ID_27I51QMRYW8F, 
ID_VLL5UZL0GYFP, 
ID_3NVGGLMITOOW, 
ID_HPGBI7MKQ2TV, 
ID_9E3W1PRIO95M, 
ID_GVUOJQGVXP0R, 
ID_3R3Z61J9WEFB, 
ID_33T8VKR0IZGA, 
ID_6EEQPJ8U9NUI, 
ID_LD8GF80009W5, 
ID_F10KFEG9UHZ3, 
ID_NRX27N6QJFR6, 
ID_0WBNSDZ20LTO, 
ID_BZFR5BSF8G1G, 
ID_COTIT37UB1A5, 
ID_01XU5U4GSN9N, 
ID_OPHPFHTV3Z9M, 
ID_U8AA4TH0P9NM, 
ID_L2MZE3O49H39, 
ID_POBIJJXP9OW3, 
ID_SN4JDE8BLKEH, 
ID_Z0TLCPYWFKRI, 
ID_VYTMHSSF8X9E, 
ID_TCAFQ4JCU2UU, 
ID_AOLV70UW85W9, 
ID_AJFSWCXZFLGE, 
ID_TR7UUGXPPP5T, 
ID_MBBX4X8UDBOJ, 
ID_I185EX6SZNH4, 
ID_LDYWBWCT05ED, 
ID_LYYP6EHMST84, 
ID_6FUVGW0COA03, 
ID_B0UI1M7T9L3M, 
ID_SOUWWLVBOW3N, 
ID_5B1K689BNA1J, 
ID_3MA66405A0XR, 
ID_3HQ7H2CBEW07, 
ID_23DMYTB0QNKZ, 
ID_E32AN010T6GT, 
ID_GEBGCUFMFJ2F, 
ID_UKTB30G3Z9JX, 
ID_FPDZH2CC6IV9, 
ID_KELSHPLX29TK, 
ID_ZN5JT4GS42P1, 
ID_NGRNX0RH7BC7, 
ID_8B3N2DXMZONG, 
ID_V9AG3TPQJLDB, 
ID_UAVR4FBF0YCP, 
ID_0AV18OMRA26U, 
ID_37UFWYZBWE6Z, 
ID_76IBAKR46K7G, 
ID_BO5RZ1D5D7RU, 
ID_5P8D8KE1YCLH, 
ID_SOFBAKBLI0QJ, 
ID_5NHN5ATVD90E, 
ID_MEPONM5WFEIV, 
ID_UWKMHLBAVV1D, 
ID_8AWJ2P2KOZ2T, 
ID_A3312YI1HHRE, 
ID_6L91ADXL9UWT, 
ID_KINTBU66QSW0, 
ID_3N7ONE6VITUZ, 
ID_Q48PXY1HPG2I, 
ID_OV8SYTD0UM4R, 
ID_OFYHI2ROHMWT, 
ID_6R94WWDM2PK4, 
ID_2RUDRLBPEHT1, 
ID_D60K74SC7IQF, 
ID_UP8VDMAPSRXO, 
ID_4F1OOPXEYZD0, 
ID_L7SJTXZ7BO2I, 
ID_EQX5F7FLB5U8, 
ID_MJHTZM7C6I5U, 
ID_ND11LEX8U2DG, 
ID_93L7V2XDA7OU, 
ID_OAKYTBTHMV6T, 
ID_B1AFAIWR4MGZ, 
ID_3EQLPVHQ2K44, 
ID_CMFPQC7PEGHT, 
ID_0TI5KKL5OJ19, 
ID_0GL1S5KRK5N6, 
ID_VPZTDUP8VNK9, 
ID_0MAFBCE6P5N6, 
ID_FPMYOZ0WZDY6, 
ID_VXTX65OI2KEG, 
ID_BHFYDUDZ55NI, 
ID_S9OEBW53HGI2, 
ID_POSYKDWBWFL8, 
ID_3VTWEC5I13UW, 
ID_RNZV2KSU9WUF, 
ID_79U0N1ZLVCGD, 
ID_TIDZIU9KTGZL, 
ID_IMU7D3ASHKTX, 
ID_YDDTK0I0ZSII, 
ID_RUKRZ379ROLL, 
ID_8TFKFHB3W38V, 
ID_OF0QJQLML5MB, 
ID_PEV6PLMC3XDX, 
ID_H14UER0L3D1S, 
ID_5AKAO3W4CD84, 
ID_Y20L5W9ARBLB, 
ID_ZGICGZJ8KB8F, 
ID_Y4N5XZQ67LR2, 
ID_A5QLIQA76798, 
ID_7KPZ0FHW4UBT, 
ID_PLQKLYNN2QK7, 
ID_W4KPAXBE312X, 
ID_IX5EPOU3R6OZ, 
ID_QDDEPAM4AAS7, 
ID_JJIWCXTJZAER, 
ID_BKR5K4EZ2NY7, 
ID_3RWTHI5AODAR, 
ID_RMCXGSHT49IT, 
ID_4R8RRKUCCA08, 
ID_G0G1A41I99EH, 
ID_ZZOSGGAB4PUY, 
ID_9CL5EE0GEOKN, 
ID_479ECVMYHQN3, 
ID_P1Q1SC2MQ5BE, 
ID_I7FVQ9G24K7X, 
ID_FEPLY76FUG34, 
ID_IKA6UMRX2ELX, 
ID_PWMLII2HB2KS, 
ID_M70HKQ5ZWTPE, 
ID_21513GVJGL35, 
ID_6P8ADOF5J56J, 
ID_4DV1313843EQ, 
ID_XMO6G85Z6SR5, 
ID_0KA79D2RXA2Z, 
ID_B8R3PDCB6CX3, 
ID_5DXJ4L9KJU6L, 
ID_X0T1UYIUDLGF, 
ID_EW9RCCCRH5IH, 
ID_HWR6SRK1MFMF, 
ID_ZSTTC7PBY118, 
ID_QY38SKMR0WKH, 
ID_ALL5F1NV6GRY, 
ID_O6W4INSV5H63, 
ID_JE8DO21TWFX2, 
ID_5LPHAR7UC2IO, 
ID_TLPO86XLKNBN, 
ID_4DA22Q9UTNAA, 
ID_01Q885IGNM20, 
ID_ZM1K7E7GS44Z, 
ID_SGEMKTNSF5CV, 
ID_SLKVOSM8PKBQ, 
ID_2RZLH8FPZF4U, 
ID_EIGTQFUQU2TO, 
ID_43A4YJWRHE94, 
ID_P9J9QII4K724, 
ID_LJKX8U76Q5QM, 
ID_CI0SXFXA1CVS, 
ID_S45Z5B672KVU, 
ID_EK9BT1W1K3OB, 
ID_53OD9IB1WDEL, 
ID_E6BPVLRS1V0U, 
ID_SKZPTZETDZ90, 
ID_LGATRZ5W4M85, 
ID_E3C6N5LAVDZ0, 
ID_GGE5JEXE9LD2, 
ID_0MWHKSKMJB72, 
ID_4KSHGSU02UFW, 
ID_CIDZ5F38C2LX, 
ID_I4KNUJ65ZI7L, 
ID_9D5S2Q55Z3LS, 
ID_UZY7VHS0GKFA, 
ID_IPKRMXNLZITG, 
ID_5MYFCVQ1BH2M, 
ID_S8MZATGIPTMA, 
ID_BFJNHG5QXF4D, 
ID_4F64PTJSXZT5, 
ID_1PY42MNS4B27, 
ID_EG4W7TX52IEK, 
ID_L9K98F8DM26A, 
ID_HBHU3XT135WF, 
ID_HHFA671BN1NI, 
ID_ZBF0RM1B6188, 
ID_TQJ5RHEGD78T, 
ID_N6BRDJVU9IWY, 
ID_28EVSHDZOWJ8, 
ID_AUUQXZGI2L7I, 
ID_4V9XVGZST2MB, 
ID_MCIJFDPNXQJA, 
ID_BO42Z7XF9T6A, 
ID_14FFOJ48N9G0, 
ID_0VPLGPIMWFBK, 
ID_OHVZ8K64XK3X, 
ID_GXALRHT91DWI, 
ID_378Q7RMXF90U, 
ID_KH84JCLIRLO9, 
ID_VWELF8PLSGRN, 
ID_KBSHBTAHMVIZ, 
ID_S2DV4OUHLDZD, 
ID_GJC0QLA0YZ4N, 
ID_3E5SZLIUC91O, 
ID_S80LLEXUR3Y4, 
ID_H56HS0966D2M, 
ID_5SXU6FBBOSGQ, 
ID_ZU4QN281OT8E, 
ID_QGXR12BWLQ5G, 
ID_LNN5L8FC9SBJ, 
ID_20QFT87JRJ8K, 
ID_8HST3XUBGG3Y, 
ID_4GO3N0P035NE, 
ID_8X9H6L8IVON4, 
ID_VZ881HRUAQW7, 
ID_5N5ROFZ3VD3Z, 
ID_JH5KVQITREPY, 
ID_8G8UHDVMVTCC, 
ID_14HRMW4X55GS, 
ID_ATLKXCJREH9G, 
ID_F6FJ0BYCY4SR, 
ID_2INHP9AK2F07, 
ID_CQQQ8X3T5YO4, 
ID_10E9Q8M91MTH, 
ID_XEBT8LT2FYMH, 
ID_CL9YD8MZF9ZY, 
ID_MHRIIH9RUXCX, 
ID_IAHN6SEBRJJF, 
ID_4XJYPCEPSV5C, 
ID_QP851928V3BD, 
ID_SKYOK5NQWZ98, 
ID_UEZBK7T4T4FT, 
ID_619V8UVEHTF7, 
ID_OPQDV82L06DN, 
ID_JKWAF1RNWHXX, 
ID_HYGHULNE9NDX, 
ID_AMYE03ADHHBD, 
ID_64GE3L144SUO, 
ID_CQ0A9JNWJJY4, 
ID_YY2MBX0YMB6F, 
ID_8UVQ019W9928, 
ID_ZX8D5A6AUZYI, 
ID_93B62X5OF6MB, 
ID_9NOOQ4DDUNSX, 
ID_WGHJSOPJVWCH, 
ID_7KYBDG18HK2Z, 
ID_81JKYWW600G5, 
ID_RGHSQLK0NLX9, 
ID_4UEOIEV4FN3P, 
ID_P31B5U1KZL4U, 
ID_DLBU2OF0I24N, 
ID_0TTWOLLKBCG5, 
ID_VUDOZTLRGTI9, 
ID_DS8Z62GONW4Z, 
ID_OS7DD11VGZBH, 
ID_897HLP1DU3PE, 
ID_7V6AYCSI47A6, 
ID_PJYQZNRKP60Y, 
ID_07SZYLSVODJ1, 
ID_U0M3K3HD3MJE, 
ID_IRQS4HQO6BUS, 
ID_13AJJUPO490C, 
ID_LIJXZGN8UF1K, 
ID_WQT59Z53DJF3, 
ID_3W4NQPOIAF43, 
ID_R7OAI1YYAFXT, 
ID_T0BPMG5ZDMIU, 
ID_3MXBRS1FVMLV, 
ID_YWMHG2FS6VOR, 
ID_A7HWZ7OQI0GR, 
ID_AP530WG0H64W, 
ID_320J7GLYLB79, 
ID_YSG5940CJO5M, 
ID_8XH4Q2ODKNGA, 
ID_38LCAQYQWJ9B, 
ID_A8SSS8PDJZQO, 
ID_SKAFPTA974IO, 
ID_ID3WZBF15288, 
ID_04VCSTT3H4LD, 
ID_DDFCY9PAMGB9, 
ID_0EHARNG59TWQ, 
ID_KQ1GH66M5M6Q, 
ID_649YSZ5CAKHI, 
ID_NW1IKZFETASH, 
ID_Q6VUPP9I7B1N, 
ID_OLVV72P8J1X0, 
ID_LSZ87BF5MJPG, 
ID_A1VO5TU4B8YM, 
ID_QITE4AY3RBQR, 
ID_SQYISCSGTNYJ, 
ID_HI131P4JBFQB, 
ID_XBIUPTZUSI4P, 
ID_BOWEBRI5F1EC, 
ID_59VN8H4F9CUR, 
ID_AHRT7IUDRTY7, 
ID_1YUQPIXTYEDU, 
ID_XXSZ3YCFRHCJ, 
ID_LGIX4YBH6FKQ, 
ID_38SVYIVMCAH1, 
ID_SJLBUGKK2HWN, 
ID_TZT0K5BEF1EH, 
ID_5KQ6X15NJAQQ, 
ID_OFI1ZMQ8OMV0, 
ID_S2LKA0Y059MG, 
ID_NX1SRC5HMM8G, 
ID_3CP89K5CBHVY, 
ID_2APKMRCIWMNS, 
ID_YWNBHAJODCC7, 
ID_SKKTCEE8RLSU, 
ID_2PDWSVFZRTUL, 
ID_H9QJ8ZH5MI5I, 
ID_CIXFVOARGHVM, 
ID_P4W77W7PF5HV, 
ID_SHP019LYL00R, 
ID_SV432AVA3S0C, 
ID_CBUDQFSHMI77, 
ID_4K8XWKX77Y8T, 
ID_W0HMNBSO8WUT, 
ID_VN2KLS82NMJR, 
ID_BV2M6HQWL7FJ, 
ID_BO8L227EA3YS, 
ID_SVJROCQXA8M5, 
ID_B36BMNNT06CJ, 
ID_AVVNBX2W6D21, 
ID_7OVG924QMRP3, 
ID_I2D3D5Y3T265, 
ID_HY4Y7NKK9S8O, 
ID_Y0R9FOQNMU1V, 
ID_YFI0Z6JL40WN, 
ID_4SZZXFSYB4ME, 
ID_MMSLOQJTF37S, 
ID_0WIATW2SUXO4, 
ID_E0KB5CT1PINC, 
ID_F9SP9B65E5ED, 
ID_6D7DVLMD77P0, 
ID_MY9WGOEWWJWT, 
ID_W7LQG9GZL0XV, 
ID_PNUIEUTLY6R6, 
ID_1KA7XG9AVCKQ, 
ID_49AW58OIW4M0, 
ID_Q79V717V807I, 
ID_QAG00WXC7W8L, 
ID_EUS6LFJQT8XA, 
ID_WGBMHTSP4Z6L, 
ID_2CG94T368XYJ, 
ID_GFHTKJQTV6SE, 
ID_F550KNHY74JD, 
ID_G65383VLJ4MJ, 
ID_3XW2HRC9P95C, 
ID_E7F7Q1DVHOOW, 
ID_37UA5J0HVD8X, 
ID_C0WWAGCNUK0U, 
ID_TZGHJV7Y840P, 
ID_9PE369533T1C, 
ID_Z5NZW3YK3NKE, 
ID_FD3KL2TYP0NC, 
ID_FEGRYBQQ7QBM, 
ID_3P3LJWV4Z93R, 
ID_IGBLA7LK85RD, 
ID_9D1VRHDLCMEO, 
ID_K52TZ0XT9JBS, 
ID_JJAAD8TVJGHC, 
ID_0SEHR9WXMN0P, 
ID_IEN9QVIAXWWM, 
ID_PTLZZHB2XUYK, 
ID_0RVXG02FGHCZ, 
ID_1QGFM1VAPEEG, 
ID_BWY3RDGZG5SP, 
ID_0G6X5DZTQYZ9, 
ID_PY5ESCK7L5PR, 
ID_DSGBYRYX5UBY, 
ID_SZ2Q994175R7, 
ID_JULHACF0VBQR, 
ID_PLXWU92G78H7, 
ID_FFY30H6Y07MH, 
ID_8VKA1EF2PUSB, 
ID_Z7SP06EVR6YJ, 
ID_01BG454IZX6G, 
ID_Q9971ECF8JQY, 
ID_1PTGH0EO54I7, 
ID_QVLZBVJVVPD2, 
ID_5P1RLA5DXPRS, 
ID_KRMQTK7MB8L2, 
ID_3UHDYSCF3KWH, 
ID_R0WFNH4VJCYQ, 
ID_UBHIJ4IS5LR7, 
ID_IE5L9KH0T7LV, 
ID_KZTV6DXEXODY, 
ID_UTVTNKG1RX61, 
ID_1PP3PY0K6FTE, 
ID_S3NQN7V2M34W, 
ID_ME7ETB1G1CM3, 
ID_CZE657RUIEL9, 
ID_U196FP5UYNFK, 
ID_9V4ICRHWYDH0, 
ID_FVFNCSML6HI6, 
ID_HWT4U5THIJYN, 
ID_GPW2RSWM7QI2, 
ID_45WZ7VOQ046J, 
ID_RC7AP329ICSY, 
ID_PLH4E5FWMCAR, 
ID_AXISB94A9A05, 
ID_VI22IW1AD38B, 
ID_W4OX2TMQQ984, 
ID_NDND607DXC9J, 
ID_LPXIFQYE6WZQ, 
ID_BJC5WEO2P0SR, 
ID_0ZVY2GBK2TNK, 
ID_772VB3L7RDJU, 
ID_2GBW3HX1V9T2, 
ID_B1NQC2HK9ARD, 
ID_ZYJJ32XRHM1I, 
ID_DXC9YQE2SBGJ, 
ID_AOL2PT1NAEZF, 
ID_KLQLY1SECEAP, 
ID_VKQGC8HWQ63J, 
ID_3J2JWDMYPVGX, 
ID_L9GMSG5DHID8, 
ID_OIIAQ0FYK4WW, 
ID_VBDVPYVYVP21, 
ID_7U44IDHA5J7I, 
ID_3GCG30FC9WZ3, 
ID_WI6LI0DRIC39, 
ID_8YC3E1JZ7N75, 
ID_PC6CFPL4TUQG, 
ID_K5QJH1NMOLVK, 
ID_HDMTO4YEYPPM, 
ID_FHVEBHHAVSYD, 
ID_364G01KAVHTH, 
ID_B6NRV79KXSI4, 
ID_9J99ZJC3QX88, 
ID_FSHVNGNDC9O7, 
ID_SDOMYHZG2TAZ, 
ID_IJFR2VLSJJ75, 
ID_561XM4O3FQVM, 
ID_U9IOWITZBJ6I, 
ID_4O3G1PSF8BF0, 
ID_72B9XLZJEVPL, 
ID_XJSW6YY2F0QJ, 
ID_GAGRU0IWZMN2, 
ID_9CACVWSZU7RN, 
ID_Y9GX6U8AIG2R, 
ID_9EGOSMBKF1LM, 
ID_WPKI7D5ZZN1W, 
ID_7I1DHF6UDA2F, 
ID_KGNNJEHJO130, 
ID_GHKLA864XQQZ, 
ID_LYTAJ10TGW9M, 
ID_IQNW3E4DBRNO, 
ID_Q65PVSBL9YTK, 
ID_0XT3JX5JPF0E, 
ID_J1OV39NJHAU7, 
ID_ZIR11EIBOA73, 
ID_82ZEQMI0S84C, 
ID_4O9LDK1E5M1E, 
ID_K4VSXZ3Z9JTL, 
ID_1FN22CJINPWE, 
ID_AG5A6YN9F6SF, 
ID_4CYL5ASN6AGL, 
ID_A6FHCICFW4VL, 
ID_M2HFTYCRR9IG, 
ID_9GMFRVIDHNKV, 
ID_66IG4SDSWLNK, 
ID_LWEZE0TR1I4Y, 
ID_PYKT09MK78TS, 
ID_XC98OL3TOEMM, 
ID_03KB5ZE6R3G3, 
ID_K4694JCP12CU, 
ID_FI5LC8C9N5LC, 
ID_ZYGY6FFVUCXW, 
ID_CK2S24CWE2JD, 
ID_NBMT9FLIC52E, 
ID_BLPYWMBXO0UQ, 
ID_PK5GAJKO0ZHF, 
ID_MI9IWUCKE2WA, 
ID_3PH7S4SJI7PP, 
ID_E6EZI2S15IRV, 
ID_ZCC1YRRW3L39, 
ID_L17KQHURQ6YD, 
ID_WB0XDZNTQ9HH, 
ID_2B7LFZHHFDXD, 
ID_3KWZA0DKPLVR, 
ID_CNB4SIOUITRO, 
ID_Q7HIGR83WI87, 
ID_1POXYFKXQO37, 
ID_4MX8MPTK7SMS, 
ID_2NCIT16DCGOG, 
ID_2WPSRUSYNRDV, 
ID_S3OT5PR8Y18X, 
ID_RGCZRE7K2J7W, 
ID_BIL126MVRULE, 
ID_RT1QBCX4YTKV, 
ID_5SWYZYKZUUCZ, 
ID_WKON7PQPGMB0, 
ID_7KHOUIW728NO, 
ID_67KCIDCFYED0, 
ID_Z8IYJTDTU682, 
ID_13T0O24C4JE8, 
ID_BIAQSR4QXQF1, 
ID_9KL1XDZOORSX, 
ID_1G6WOA4KMH3C, 
ID_W1D7Y5BK9FXF, 
ID_BTSE7TSO8JVX, 
ID_6RTR12IZPOU7, 
ID_IQUASWXNSCS9, 
ID_WY1G3BULKKAB, 
ID_562J71IWY2HV, 
ID_AB5CIVQCNDC9, 
ID_02S2QH2CT8QP, 
ID_O5V22SFYRADE, 
ID_5W0JJNCGY4QY, 
ID_HTFKL76TU2AL, 
ID_MILP21SAU4OF, 
ID_7ST2YXQ92PBF, 
ID_MCX42MSKTD4E, 
ID_YQPF487DR9YP, 
ID_60KXRJU44ZUB, 
ID_QTXHAHAH89CB, 
ID_ZWL6GYN6VATQ, 
ID_ZYYYWNDJ43YS, 
ID_ATPPR1XV5SBK, 
ID_5B45ZSTGXRGD, 
ID_NUPHZ3VUI09A, 
ID_2FNCCX3U0ESN, 
ID_QI7TF8V7SLZ8, 
ID_K51D543FCNHR, 
ID_7KHEFVIR3UN2, 
ID_IGMJ44PXJ0FA, 
ID_T7BCW2QSWRVR, 
ID_ZYAA2O5C9M2S, 
ID_H9SHQ931U30R, 
ID_7FY8XSMLABZX, 
ID_R8RJZ5YVJ8R6, 
ID_MEW4KXV14QYC, 
ID_8NHTLJCGU2I3, 
ID_FPTC8Z0KNVWB, 
ID_IR8A296DND7M, 
ID_AZZWJGZX0IQB, 
ID_4F3GM539EC8C, 
ID_ZINYRY2UEJB1, 
ID_CPABMFWV0MWN, 
ID_98S0VOZT1C0V, 
ID_8DY6R0H28Q59, 
ID_OOU3KMSZYU2G, 
ID_OXDAS139LPAX, 
ID_OAWFJQ3OCSMK, 
ID_1554XTZUIJQP, 
ID_6QW3R9HY104X, 
ID_EIKCG5HQLYRA, 
ID_X1HAEAPA23LT, 
ID_PFBN4E2L2F6V, 
ID_2OD5QWWJZ3ZH, 
ID_M98FCUIZA3AB, 
ID_7M8GYQ4Z7EQR, 
ID_J8R63IEDJ4FM, 
ID_G98XHDRWQWTP, 
ID_P3H5YPRUDKV7, 
ID_HGSJ8O6LUAWK, 
ID_SMQILXE5PNTK, 
ID_2NAPB7GRQX28, 
ID_Y1O5E16HIL9S, 
ID_CR7PIT1V7VTE, 
ID_96V636RHW8QH, 
ID_27SP55NJZUFH, 
ID_XW5MJ7H4SYKM, 
ID_REUNFG5JLN40, 
ID_YV8PFDZ9VJ7M, 
ID_LPIW3S5OP26T, 
ID_QLU1RWVUV9WI, 
ID_UVTKO5WNB0UM, 
ID_2Q5GXQOUTT9A, 
ID_SJBWZOMVF483, 
ID_VOOFKRS499ZP, 
ID_SSXF697ER86E, 
ID_YXR9NGAKA10H, 
ID_T3E6CQA67NXE, 
ID_HXNMB7XD2GFM, 
ID_WY0HUF9S0E42, 
ID_DY7SXLB7847M, 
ID_W1UMC4GR67HA, 
ID_RUHBJGO2GCJR, 
ID_R4GMZ75K4Y9V, 
ID_9QKRI6L4HKIK, 
ID_Q9U5Z5PK4PZ8, 
ID_C053F5FYEQMV, 
ID_ZI6WJT5PVX86, 
ID_T7WLATN52G96, 
ID_HD9ECXKFJ1OC, 
ID_RANGQMIN445O, 
ID_IH9QBGKONV31, 
ID_HACFW1YHYGU7, 
ID_SBEL6XF6EEUS, 
ID_APC6NH9DG9HP, 
ID_QF9XQO4CT60G, 
ID_6JQXP4WLRL3T, 
ID_YY2WP0A5KQVK, 
ID_926ZGLSTS1WH, 
ID_O8C62IO8R34V, 
ID_8L44T6EA6YZK, 
ID_30FCQVKQ4OT3, 
ID_8JO2HBFUX1W9, 
ID_T2CP0EG53ZDR, 
ID_1BNLI18YJPRT, 
ID_NJN4YRZ5QQJA, 
ID_6O9T5PTU3SRQ, 
ID_W5V32UG2QV60, 
ID_YWEF94TOM7XM, 
ID_UA9G81JV8GH2, 
ID_8PI0JG5T5853, 
ID_GTJRSA8MOYFS, 
ID_JG7I315HRWFQ, 
ID_ZOW1H8C711FC, 
ID_8BICJ1SU9OOZ, 
ID_B217F1CKLB75, 
ID_4SSSW9FWJIIZ, 
ID_NZPKD7FQCETN, 
ID_G2W3LVZOKSA6, 
ID_BMIITLRQWXC0, 
ID_V0W0NS3LOCPU, 
ID_KWJ4L78MGIZ9, 
ID_3RVBKL6JOOUH, 
ID_PD59RKKETVN3, 
ID_THL946OA47TH, 
ID_K0L1PZ2R1RAW, 
ID_9Z2VPLDLXMEO, 
ID_PDHCENQ6397H, 
ID_CSFWQ4TEKJL6, 
ID_4JB5BHG0KP29, 
ID_RG3GLGKN0B86, 
ID_JFY4EH7GCEDQ, 
ID_3HGJVKZDLNCT, 
ID_NNCD669OWODG, 
ID_YS5JMJJL0EX0, 
ID_6U0J6BQVFYDN, 
ID_862K4IQX949U, 
ID_N5K0LOD803TW, 
ID_5DXPX34OQHX8, 
ID_XMLS5SRFKM2V, 
ID_6X0AHJXFL831, 
ID_7WM6UTQC78CY, 
ID_GX53WEFKGIWO, 
ID_BMAEJPN3G5OO, 
ID_1AXSU11R7EGD, 
ID_EOA4RDAKSWYZ, 
ID_GJHVBDYKZO8V, 
ID_JSFCMKGQEAWG, 
ID_J2JLD6P3XP9N, 
ID_L8K32NM95RSJ, 
ID_ZW46ETTOLKPW, 
ID_XTXBA4LTP4BT, 
ID_2JM2ZK909437, 
ID_V3K40MFNC1EA, 
ID_YCI7TM9L3U3P, 
ID_Z5XNMFHUQBQI, 
ID_4Q0OT9GJEL2F, 
ID_LJ3F7HA8337R, 
ID_V1V7FA7QDTAO, 
ID_J9X7FDNY8F5R, 
ID_9Z7Y774NPN8V, 
ID_XV3M8T3P0NTK, 
ID_45L593Z0P704, 
ID_22EGMNC65QJL, 
ID_81N5TD1QZKD1, 
ID_TL4BTANPJWEO, 
ID_9W6KVU5SO7HM, 
ID_KE482DZFSRW0, 
ID_61T4SBSFCZP2, 
ID_NVTOG9Y490EG, 
ID_VN6Y566H02M4, 
ID_7U8RQXBQV4U0, 
ID_F1HHBB5UK5PP, 
ID_NKD8FW2LLHLX, 
ID_FSTOUEI5P54F, 
ID_PK311O60M4E9, 
ID_3REUGX9RNI45, 
ID_7N34CATQQGPJ, 
ID_UM30RU78TWJB, 
ID_RFFOXYQHJTV1, 
ID_YJS230T6QWS3, 
ID_UQ2CUOYK1DN2, 
ID_TR58TAFP4VMY, 
ID_8I1UM24QA7VK, 
ID_UQRUSAD8KFEL, 
ID_F0LDUKSKDRFF, 
ID_GVPQVNM1TOJA, 
ID_SQ2EXKA9NKE1, 
ID_0KEUNG4XI2HH, 
ID_G8MZAK1HADO0, 
ID_1W8DROOEMO8J, 
ID_CWGTDZF1C3FO, 
ID_G6ITSQA133YM, 
ID_E62PB9U0QQPW, 
ID_SO9ZJXWTGCH9, 
ID_991BON4T4XFZ, 
ID_ZZR0ZCVIZU0E, 
ID_AYIU33P65AXY, 
ID_DBGYRZDP7V93, 
ID_7ACGCBKPYWK7, 
ID_9L40G78XUAQH, 
ID_X8O6INUYD7K4, 
ID_MYENEGP1JYHV, 
ID_QVRNMR70VYM6, 
ID_EZW02HNIIBWR, 
ID_F7YETRWJWYA4, 
ID_6DZQUIRHXTZA, 
ID_WIV3UHEV9UPO, 
ID_B8HXQWKZN7WB, 
ID_SU2Y91NA7FJY, 
ID_SXNIRK073P77, 
ID_K9BVGLMGUNN2, 
ID_TNOEBD5MNI8C, 
ID_27H5SORORU4T, 
ID_HVEKJQ9Z9V3D, 
ID_VSOJWXF30ZRW, 
ID_YHWRIO0Z66OY, 
ID_O3NI1GA8CB2U, 
ID_1VBHOUYV77ZD, 
ID_1GH7YLB8SIEI, 
ID_YXZR3RSA6AM8, 
ID_6AJPPBDA46L6, 
ID_5CNCUSGFVRYQ, 
ID_P2VG0EEY5XVC, 
ID_DNTJL38CZDDY, 
ID_2TDZXISYU3KF, 
ID_0X39OVJ4UKC0, 
ID_2ZXAV7W2OEDP, 
ID_YLVKA8FE3RM4, 
ID_9Z1B0ZFVFGS1, 
ID_2JJ2LOERHPGW, 
ID_81DGE6JHOJGK, 
ID_CA64EDVV4TYK, 
ID_G90EKB5UAKOP, 
ID_Q4KG6PIQEIQM, 
ID_Y4ADBRF2GNFE, 
ID_MCWYFJDBCFK1, 
ID_22N8PCA2HYHV, 
ID_5K77J4W86ADI, 
ID_X05NQAWZ57T9, 
ID_L7PJC6NM7LCP, 
ID_DB1QADY40412, 
ID_HZSFPSS1H70B, 
ID_FR2VXYKPBA1V, 
ID_XJQIKZSNCVT2, 
ID_K843VIHR3E2V, 
ID_CQUJM58W9BKJ, 
ID_RVYEHXV8MF2O, 
ID_PUH3XQNQAHAU, 
ID_VL428DYW5WMR, 
ID_U7MXLTN4URTW, 
ID_DVCHFNBJTQZD, 
ID_Y3TI9T68CXO5, 
ID_WOAE4SUGEJ8J, 
ID_XQ3CQU5T3NWO, 
ID_3DLLWRJSR2SI, 
ID_K5KXONIRCZI9, 
ID_IQOKXG2NLGVX, 
ID_X6EIKW6S6FLI, 
ID_YZ459O4C9RTK, 
ID_5SEBBLZSKLDC, 
ID_DICSETQECNFU, 
ID_46I4RU0KDKHD, 
ID_VBCFP2CVFEB1, 
ID_4AP83GYSTR3S, 
ID_00SYEM165IJF, 
ID_UVNTM95SLV02, 
ID_YLF5FPI6BGJQ, 
ID_M95K6XDCIPXE, 
ID_JQFR86Z6XHSL, 
ID_M8SZ5XJ7DWUS, 
ID_CRYM8OXYEJ1E, 
ID_37RXEKMUL95W, 
ID_GJLC4R2ENVFC, 
ID_SFWNFV2T3BWT, 
ID_WCMYGEUD8D0L, 
ID_91CNWY9F7F1E, 
ID_VC16GV0Q9DSB, 
ID_FL0GLIUH015A, 
ID_O4JFZI0FNTRL, 
ID_V0RCLOG49HMV, 
ID_TI9WC2PKO89E, 
ID_ENFWH44ID0DD, 
ID_QVR8WHFXIQXM, 
ID_U8JF5SO7XJ6L, 
ID_TNYKV81SGXR4, 
ID_DDE66ASVBJ03, 
ID_BE7EIH80ZJMF, 
ID_FTTGVYXS32DO, 
ID_W9MYAMAPB157, 
ID_I083YCLD90IM, 
ID_6PC4L1R93ZI1, 
ID_T4XQQ1S50ZB8, 
ID_ANWM6LEF19PY, 
ID_PVFX9BL3A36K, 
ID_AL30R77DBSAY, 
ID_UIQIH146XOIW, 
ID_9O4SAIJ9INQ1, 
ID_YJ7RNIKXN9OJ, 
ID_3ZOU5ECLJ286, 
ID_FZJM6IK6L3ZI, 
ID_UUFD2JQ4ASDH, 
ID_LC0CQ68I899C, 
ID_QMCELGKLG9WW, 
ID_MOQBZ6K65HC4, 
ID_HR9VZG6INART, 
ID_2DZFTGD2L5UI, 
ID_QDHCJ0B7OZ4E, 
ID_IHDK2TY0KAVF, 
ID_S7K3S117PM4V, 
ID_54PCV2HYHVEL, 
ID_FTTWK2W0PUSB, 
ID_XXZLAJDPUZLO, 
ID_2DMFM2NYDOC7, 
ID_RPBUI29GSOD5, 
ID_CE95QA297WZI, 
ID_FYW1NB0ULZSE, 
ID_PO650RIMWGD2, 
ID_WBBN69IXFC1S, 
ID_WLLMV2F7TQ0Z, 
ID_VDCN2TB5ACLU, 
ID_KUWUX2ATFW97, 
ID_5Z3RU3IUAZLN, 
ID_FPQ4SR9NU3YH, 
ID_4BSIV1Z29PLO, 
ID_3USM7BGDGERB, 
ID_84SC2J671LCJ, 
ID_0L4BT3NOGBEM, 
ID_O30KKU1EM16A, 
ID_6VB0AV0X78TH, 
ID_KHZGFCRIEFM4, 
ID_UWTV2CALFRM3, 
ID_0AR1ZWJYNJP2, 
ID_K7N0921VWEUN, 
ID_YQWFFZLVCO04, 
ID_VB08UYYJP9FJ, 
ID_PUXO6LW85ECO, 
ID_YXPI704F9HBC, 
ID_JAOAOBJ254QZ, 
ID_8KFE1ACUGL1Y, 
ID_282X60Z92NQC, 
ID_YVUV9WOKFDLP, 
ID_E71RE77Y06T0, 
ID_V9RLKYQ4V1W3, 
ID_4V76G715HG99, 
ID_OOA2L7EQ96MW, 
ID_KVGE0AUHAEND, 
ID_OMDV24NRZNPN, 
ID_FMHY0MUBNO9S, 
ID_8F4RK86CJSUO, 
ID_Y9QWKVJ9VUMU, 
ID_GYIOC7FH8KRW, 
ID_ACWTORMMIV6R, 
ID_XTGTH883S8X1, 
ID_7V16XTNQFYYS, 
ID_HD9LF3EL3I5W, 
ID_P23N5ZMG4HGY, 
ID_P8RECNWGQ739, 
ID_OG9A88KA4K2X, 
ID_WKJDB1O4O6LS, 
ID_0A65ILKB0IT7, 
ID_L6ZL3PTGDBEL, 
ID_KRKCUFBA3LLJ, 
ID_DC1G0T99218J, 
ID_P7BCO94ECZLE, 
ID_9SFRG020FOV8, 
ID_C2QJ5053JISD, 
ID_KMLZ1SGO9AMP, 
ID_ZM8NQJ3ORWM4, 
ID_WO1C3HPU8BM4, 
ID_LQDS1AVMPXAZ, 
ID_VR19K88FZFJE, 
ID_HYP6CDQNJHNB, 
ID_S7BT787FN137, 
ID_YWCNGYU52U2V, 
ID_2UOG4HHQ4OJF, 
ID_3F9G1L9HGREH, 
ID_4BC3VSWDLX8K, 
ID_UXJL66P78TVB, 
ID_B89UPNIP9NOO, 
ID_9U9Q6DCCR0K9, 
ID_63ZXUG0Y52U6, 
ID_UFCEXDIKHMGK, 
ID_4AO06FYK26PL, 
ID_IC4CHMZ6NUPU, 
ID_DDDLKAXW7RLC, 
ID_MSHW6GC75ZX1, 
ID_7JSHR33OWJB1, 
ID_IQMG4R7R94SU, 
ID_0WLX1CW7IHUM, 
ID_Y2ZW6ELUQAQR, 
ID_2QJLZX3BVCLG, 
ID_GTXHJEGD2Y13, 
ID_TYGDUWXIT0IG, 
ID_AVM5M6EQL63D, 
ID_94KD2KB6O746, 
ID_49MWJ1XEDCO1, 
ID_09WL9WPH3ROI, 
ID_YYKTWPFY9KCQ, 
ID_CRUIDHBOKW9W, 
ID_74G5PMWNMHFL, 
ID_39PZA5C2R8CJ, 
ID_45NUKPERURVY, 
ID_SOMAIHVHU38F, 
ID_5MPEHLW5E46Y, 
ID_QA9FDTQJOIPW, 
ID_IW5CYZC97K0U, 
ID_E5XZW0NHQ2LZ, 
ID_DC0FOMK1C5AL, 
ID_RIPL7QJQ1ZRA, 
ID_73SO8TQU2HIA, 
ID_GMCBZX0TYDVC, 
ID_98KE0DS25ALK, 
ID_ONG0I3FFV4FE, 
ID_AC4T24V3FA2C, 
ID_KSAWHWC5BJET, 
ID_5FGR2Q276NQ6, 
ID_OIYR2OMLBJXZ, 
ID_RPOU1UHR46K9, 
ID_Q3DK1ZKSRYBP, 
ID_WRVJBBICM7N3, 
ID_L2S2WHIYF6RL, 
ID_A8UKC2PSFMI0, 
ID_HFK1KTMQK9ZI, 
ID_6D3NUD2QOFYJ, 
ID_DVM7KEHJZWST, 
ID_GWVGO1IHSXX3, 
ID_U9DYNE3NQC9T, 
ID_ZKJELRD6OUW6, 
ID_MQXGZNJXH966, 
ID_R5NNKP2931XP, 
ID_1PFZ3OZTEMHT, 
ID_MK3IEUF95PRR, 
ID_ZF7M74U2W7W6, 
ID_EGIQBS5ES4VM, 
ID_ZU4IJVVTFH4U, 
ID_UY2FDGGXT0MQ, 
ID_6L4K2LPBKQTZ, 
ID_MXZRC3PADO0Z, 
ID_NZEI6X45341H, 
ID_5C2HC4M9PPEZ, 
ID_7XN9WYDYVUME, 
ID_4BOVWTYY6U3R, 
ID_VE8YEXUCR6OX, 
ID_2G9UIO0UONAV, 
ID_42SLH4WLNTTQ, 
ID_JUPP1H0CRFMQ, 
ID_OV27436VT055, 
ID_5H40H9XAR67D, 
ID_A2OYIDBXYQKR, 
ID_L8NOYT8YMXCQ, 
ID_VPJSSPR3M8QW, 
ID_PJS09HBQ5S02, 
ID_ET66ZHCQF1VE, 
ID_UEGQMAPYQVEM, 
ID_J829GYEWZ0PN, 
ID_A74NBGODJTVP, 
ID_7XUQEJV8XHTA, 
ID_LLAT1PEKO5GJ, 
ID_J4UD1X2F1PU4, 
ID_BNVBISFRGSNW, 
ID_W7RS3EL4EWPO, 
ID_IN9EQV5MVHDP, 
ID_B0FXI4JXB4NQ, 
ID_1QOGBKP6J28M, 
ID_1MZK5W455KH9, 
ID_K9DX3IXD5PGZ, 
ID_B9S9RRP0NP9T, 
ID_G3ES4P9WD765, 
ID_TMWCX2G5IQ5H, 
ID_NS9F5WVF254I, 
ID_M5DL9KEJD7LG, 
ID_SBNYB6A1ORQ5, 
ID_39NQF7WNGKH4, 
ID_KDA25GGPVV69, 
ID_8V2J64GG6RLV, 
ID_TN7JO6FM5G4I, 
ID_338Z0817CBGU, 
ID_WGBY3A6UD3G1, 
ID_SHX4B34RVE6D, 
ID_E0F0QIQTJXCH, 
ID_9XJ9ZHH1QPZB, 
ID_POTFEDHK62PL, 
ID_4HUR89QC7THP, 
ID_WNCVF8OU5DJI, 
ID_KBF7S17EHK7Y, 
ID_SQKGM3S3XI3P, 
ID_D0SXA2N7EJKC, 
ID_WZAMARFPVVRW, 
ID_P3YS6UU7MDRX, 
ID_N37SXAT3RWKD, 
ID_9F2XB79W757Y, 
ID_W947S5TNRIVJ, 
ID_GVMEQRUAOTQK, 
ID_4KIB1QV8RYHH, 
ID_7J76PG26BZMC, 
ID_55R6C06CUV9X, 
ID_CRIZ6I8UE68Q, 
ID_TA5O02HCY7S1, 
ID_3IHVEGSPWFRV, 
ID_26TWQVKFV7UE, 
ID_AFBLTT74LGF1, 
ID_FG0KWNE39IV9, 
ID_BVPM0VP0TAGN, 
ID_18ZJDH04VM10, 
ID_SCYIJMP40ZLW, 
ID_M1XSKO6T1QH2, 
ID_BFRLDG74NKT7, 
ID_E21XLCG8ZR8B, 
ID_BRRFIUVC152P, 
ID_PEAN1XD8MA5H, 
ID_MVK6TE70QUR8, 
ID_UB4BA0CAYCLA, 
ID_STJ960P26F8Z, 
ID_DDDTTMUJ6R2G, 
ID_A2WTS63DF5KX, 
ID_GTUGXO8DA7N3, 
ID_HWZ858ZBBWNX, 
ID_61YBDY8TS420, 
ID_HMYFHMIMTFN6, 
ID_VC8KAU0ZYGY1, 
ID_T3LWMHB67DHK, 
ID_TJZGWSH9OOGG, 
ID_BWTP0R11QFVF, 
ID_NY9KG43U4VK4, 
ID_FO6LB5GIXVXK, 
ID_1M5D2Z1V5KXJ, 
ID_DRVEDB53QH52, 
ID_EKFNU6DZFAIC, 
ID_105J8N2USW9V, 
ID_XZVEHA9YRQR8, 
ID_CJN5WLZZLOWP, 
ID_R93FJNW6C2SV, 
ID_B4XGCESWPS70, 
ID_FFP0RNBRYLQY, 
ID_62GR4HVJ6WEJ, 
ID_7N67MF0BNXRY, 
ID_YKG7QMG0I10X, 
ID_03SYJY1J13A9, 
ID_759GKKQRP6B3, 
ID_EBGG2QAU2VX1, 
ID_YWYQ3Z6H71LL, 
ID_MKSKQBRUW9BV, 
ID_7UIL2TEBYDEK, 
ID_JMNKMYGBTURO, 
ID_2U4DW6C4R3QX, 
ID_IQ20LJR16UN2, 
ID_74HQNTYLFUD6, 
ID_A5GQ9MYQZEUY, 
ID_LM1Z0DGP2YSN, 
ID_TS17OBP6SDER, 
ID_0LDA6G4YHNGE, 
ID_96BOB79CZTS8, 
ID_S5Y2L5HSB6SA, 
ID_EFEOA2S6AQHL, 
ID_ZV2FCR98A6LG, 
ID_4CNI47XGBAFS, 
ID_LE0D703D7KN7, 
ID_1RLZSL51G8HL, 
ID_EBQ4J9VBXDHA, 
ID_WU4C5EA5XWNR, 
ID_B2PK2LZHQMZZ, 
ID_H1Z4V88U3IK6, 
ID_W6J5WXR37SGV, 
ID_050BJ8ZFLHFU, 
ID_2GIFSQW4OGSQ, 
ID_XC4M56ES0VOQ, 
ID_XJ6IB6RRFEST, 
ID_301LLOIAC2Z7, 
ID_BJY4KO2VHQGD, 
ID_DWMFJCH715FD, 
ID_CHS9EMD6TC3N, 
ID_G89N6RJ7JNZD, 
ID_IC254WL2BRI2, 
ID_IQG8XPMTQ9YU, 
ID_EEMQRTEHBQTS, 
ID_ZX77W3NHSTFU, 
ID_H2WT8DXMZASS, 
ID_7C5Q76I9547F, 
ID_Y1WXC4GEMP0K, 
ID_M2QC656YW903, 
ID_12AONLVS5KD5, 
ID_FL02M21QZLV9, 
ID_OSPFC72EVU0C, 
ID_6WI8JAXK0BQP, 
ID_U20FI7KQZPXB, 
ID_XECA0GUJ9SUF, 
ID_T8SUK3K2LEMF, 
ID_7F31QOV4ZDJQ, 
ID_EQDL54B61WGI, 
ID_DXX240H71043, 
ID_VV8HGDKHCCOM, 
ID_9RLDUAC9N0KM, 
ID_K37N99QUWUBV, 
ID_WV0LM3978J7S, 
ID_LG4H5BBMS1UZ, 
ID_3WR47PXCZSKE, 
ID_VK7JYMKEQTUL, 
ID_VAXS8OXY71ZU, 
ID_KB4WL7DFI5EP, 
ID_1QLSAE7G3Y9Q, 
ID_NT4K9NBCNPLG, 
ID_4LPU7010Y1QB, 
ID_XBIWOK9X87LL, 
ID_ZC28JVBCZF6C, 
ID_7YUHLSK8O9X5, 
ID_9LMTJIU0VEKZ, 
ID_WITHRKAVGME0, 
ID_7EEOS4ZF8XYC, 
ID_SMPB3RT3M2LZ, 
ID_2VMAWH2OZMI3, 
ID_2FI1Y2W36R7S, 
ID_AWZHMR0ECQGO, 
ID_QQC7R0TXFZ5G, 
ID_Z5JK6FWSNAS8, 
ID_H9V9ZEPNASJ1, 
ID_UTDK55K4JS8Z, 
ID_MUYRUBHIXLZO, 
ID_6SHO20E1WCWD, 
ID_PBZ1EXP3P3PL, 
ID_AOM0UHH10RV4, 
ID_YCNMMCK2VK79, 
ID_6IY8V4HM48K8, 
ID_Q1XWQETL4RPD, 
ID_TNK2CUXXLZMG, 
ID_QSUCTXHSNLYQ, 
ID_MVYC0R116Y8T, 
ID_AJDL9BW0K1L2, 
ID_L99GH8UQKBJL, 
ID_ZH3AY4THM4V8, 
ID_GNY9WJ2RX0IZ, 
ID_C17RM0VKGMQX, 
ID_Z2DHMGV8HGRO, 
ID_U4BPFDX79SBX, 
ID_IAPH9M6ZCDDB, 
ID_BVBT8SM53KB8, 
ID_LIQ9HYDZQVVX, 
ID_GTS4LCDK7ZPR, 
ID_LHF7HTZVY7WL, 
ID_U73PR19WOBCC, 
ID_GPG9D8ZIWORV, 
ID_7WQ5JOUUOK27, 
ID_EVJ7M04NWFUU, 
ID_7HBZ7PPNXGBN, 
ID_P0LLM9YPZE7W, 
ID_IBSOVVF7F9BM, 
ID_KPLDATA7KN9D, 
ID_OUIJSTNWB6AI, 
ID_415PBU01H20I, 
ID_V59MZKQTZYMB, 
ID_C23LZF67IWAR, 
ID_FN1968MU6FLY, 
ID_HRQR0IQI8O6T, 
ID_BEKFENZLSWAV, 
ID_8IFOAK34WJ69, 
ID_OA1XPKM6NB63, 
ID_2R2UE9ZN12Y7, 
ID_JWUNIJM14LLP, 
ID_HXODWQADG98U, 
ID_OWID3YIT66TM, 
ID_RRN62DPKGURB, 
ID_9WQXPHVSMVJ9, 
ID_Q2MS2XGOP5B1, 
ID_YU3X5J6JIABN, 
ID_XBBTIJ00O738, 
ID_2NGKMBVLLSRA, 
ID_MVM2YN8A4Z1C, 
ID_4L3QY4WA85LL, 
ID_PBY6EQGV3VVD, 
ID_DQMSGTE2QF66, 
ID_FS8E6QQ41PBR, 
ID_RW738AP493O5, 
ID_DDDDX7UCBFEK, 
ID_ZVMH9FUHGG8A, 
ID_EY5D13KKTYLM, 
ID_3FVYP28DAP99, 
ID_3TVALOFKNXLZ, 
ID_FCMJVN4EZCI5, 
ID_QPGSNXD2EAEI, 
ID_926RG17914DH, 
ID_CARWL836R8GG, 
ID_69AKQD0J4SHX, 
ID_R3JQ9USP3YXT, 
ID_0L0J4DLPSEQY, 
ID_LNCUT332GN6Q, 
ID_LIPS4ZVRYCMJ, 
ID_MV4M4WERC6MS, 
ID_CH85YD6VG8XZ, 
ID_GI9OTJ3X7PEI, 
ID_OOZREGBH5C49, 
ID_MMEKUNVPOHFK, 
ID_UEM0RJSCOYMF, 
ID_IF1S4BL1OI0Q, 
ID_SL4Z7I6SA0PF, 
ID_VGI1NV0O7GIM, 
ID_52FFB15DE8JG, 
ID_P7WCN3L5V5BG, 
ID_CR6D4JNDHINX, 
ID_KBLOYPIT24ES, 
ID_GV7744MPVUCK, 
ID_01EJ4DR99B1E, 
ID_7OZ1SA6XOGU9, 
ID_0APFLNEWTNK5, 
ID_5OPTWKJG15LB, 
ID_0H7GRQ8CX94E, 
ID_JX1I99U3PPK5, 
ID_N4Y8IILYS6EU, 
ID_9AKNX83S09NN, 
ID_XCGK3FO810FN, 
ID_3LEKT6RSPN61, 
ID_4A2A529DE18J, 
ID_KE513VS0VBV0, 
ID_IFSPPUVE9ZEC, 
ID_LWRHFVWXKRBL, 
ID_TVC5TXOS452A, 
ID_TXBQM2Q9F8W0, 
ID_8D2FCSFRHCPI, 
ID_NG1NYLWRLEJ2, 
ID_3WKIUT884DM8, 
ID_RC08FM2RRVE5, 
ID_MFBIHTP1LF6T, 
ID_SKQWWG413BS1, 
ID_DTOWHYUHATLM, 
ID_TF21H8HI2SOP, 
ID_VIQ9BWONFKD5, 
ID_HLLHTLAMLHS1, 
ID_720X3OSP398E, 
ID_RYS0Q92DP212, 
ID_5DBV7SOWQ050, 
ID_VF6YJNHZUGEJ, 
ID_LSLFGXGM1LP2, 
ID_5ATXU1UYZ0OM, 
ID_QCSQ8KWMEFF9, 
ID_EBKB4EYHXB1E, 
ID_QNEV4YC6D15A, 
ID_G4SE07VLAJ6F, 
ID_6LVHE89NN5VE, 
ID_M51GDSUBKS8Q, 
ID_469MTLRKJC64, 
ID_DMH9P3N6O3DK, 
ID_FKB2YZ2BXZ0Z, 
